offer_id,application_id,offer_date,offered_salary,offer_status
1,7,2026-01-10,1539847.34,Rejected
2,13,2025-11-17,1502978.69,Rejected
3,14,2025-12-16,1226783.33,Accepted
4,18,2025-05-11,493688.4,Accepted
5,27,2025-09-30,1211029.37,Accepted
6,35,2025-05-07,1518619.23,Accepted
7,37,2025-11-06,1542040.03,Rejected
8,43,2025-07-09,1212816.67,Rejected
9,46,2025-02-15,1719629.05,Rejected
10,47,2025-06-23,1550397.4,Pending
11,52,2025-04-02,1117912.14,Accepted
12,59,2025-12-20,1038298.6,Accepted
13,67,2025-06-14,1284736.94,Rejected
14,79,2025-05-06,1200041.37,Accepted
15,82,2025-06-21,706625.48,Pending
16,85,2025-04-14,969533.45,Accepted
17,94,2025-03-14,1406948.77,Rejected
18,95,2025-12-25,1193626.67,Accepted
19,112,2025-08-18,486272.62,Accepted
20,113,2025-03-11,1406817.65,Accepted
21,129,2025-04-06,481915.16,Accepted
22,130,2025-04-17,509561.7,Pending
23,139,2025-02-16,1225881.5,Rejected
24,142,2025-02-03,1784183.33,Rejected
25,147,2025-08-20,1141419.6,Rejected
26,179,2025-05-14,1133000.82,Accepted
27,187,2025-04-19,569439.1,Accepted
28,215,2025-11-01,646941.57,Accepted
29,218,2025-03-03,1354149.49,Accepted
30,232,2025-06-24,1529038.88,Accepted
31,238,2025-08-23,1747050.77,Accepted
32,240,2025-07-25,1306565.46,Accepted
33,242,2025-10-05,939586.58,Accepted
34,259,2025-12-02,1319303.72,Pending
35,261,2025-06-11,847884.25,Pending
36,265,2025-10-01,1298314.34,Accepted
37,272,2025-07-12,856752.08,Pending
38,273,2025-03-24,1314191.15,Accepted
39,279,2025-05-11,961585.94,Pending
40,282,2025-06-27,569897.37,Accepted
41,298,2025-10-07,897722.95,Rejected
42,307,2025-12-06,1518299.66,Pending
43,314,2025-03-06,1493515.55,Accepted
44,316,2025-05-15,976965.57,Rejected
45,322,2025-04-12,1572653.92,Accepted
46,326,2025-03-18,817142.23,Accepted
47,340,2025-04-26,1691413.51,Accepted
48,347,2025-02-16,898056.44,Accepted
49,351,2025-07-18,775615.24,Pending
50,353,2025-05-16,954549.78,Accepted
51,354,2025-05-29,843198.18,Accepted
52,359,2026-01-28,787332.77,Accepted
53,368,2025-11-09,1520790.37,Rejected
54,376,2025-09-07,1425659.73,Accepted
55,377,2025-07-29,1187987.7,Accepted
56,378,2025-10-16,801227.25,Rejected
57,389,2025-05-09,996983.08,Pending
58,404,2025-10-07,1745274.88,Accepted
59,406,2025-03-05,1377204.96,Accepted
60,415,2025-12-05,1093681.12,Pending
61,416,2025-02-13,1680926.05,Accepted
62,422,2025-12-19,705369.01,Accepted
63,432,2025-07-18,1471103.57,Accepted
64,459,2025-04-28,1123665.85,Rejected
65,460,2025-05-28,1340489.7,Accepted
66,463,2025-09-12,660544.54,Accepted
67,475,2025-02-19,1794694.2,Accepted
68,480,2025-12-04,1414596.12,Rejected
69,487,2025-10-24,1234871.48,Accepted
70,490,2025-11-04,513811.03,Accepted
71,500,2025-12-29,1690400.3,Accepted
72,516,2025-02-24,1467371.73,Rejected
73,526,2025-03-04,483187.23,Rejected
74,532,2025-05-13,519758.52,Accepted
75,535,2025-09-05,1246268.95,Accepted
76,538,2025-05-28,1658956.85,Accepted
77,544,2025-10-17,680650.1,Accepted
78,548,2025-10-15,721237.41,Accepted
79,553,2025-11-15,797512.31,Accepted
80,554,2025-05-02,1518803.69,Rejected
81,558,2026-01-12,1553009.0,Accepted
82,562,2025-11-29,1559736.89,Accepted
83,566,2026-01-23,485960.74,Accepted
84,572,2025-04-20,915081.55,Accepted
85,576,2025-04-27,1208021.07,Rejected
86,578,2025-05-02,796806.98,Accepted
87,583,2025-07-04,584353.33,Accepted
88,594,2025-07-28,582648.11,Rejected
89,602,2025-09-04,934498.34,Accepted
90,611,2025-10-10,676787.01,Rejected
91,614,2025-04-28,1039923.99,Rejected
92,617,2025-07-17,666652.16,Pending
93,618,2025-09-12,421177.92,Accepted
94,625,2026-01-14,405373.19,Accepted
95,626,2025-09-09,450852.23,Accepted
96,649,2025-12-08,1070273.64,Accepted
97,655,2025-05-13,1104780.76,Accepted
98,656,2025-03-16,440605.46,Accepted
99,659,2025-08-08,1405314.47,Rejected
100,667,2025-08-29,1587615.33,Pending
101,669,2025-09-04,807459.08,Accepted
102,670,2025-09-06,1395812.11,Pending
103,681,2025-08-09,1760766.55,Rejected
104,684,2025-12-09,1776830.51,Accepted
105,691,2025-10-09,1044181.41,Accepted
106,696,2025-08-15,1315560.85,Pending
107,700,2025-03-31,467859.93,Rejected
108,702,2025-02-15,969885.72,Pending
109,710,2025-09-18,541229.62,Accepted
110,715,2025-04-01,1260480.54,Accepted
111,717,2026-01-09,1697756.99,Accepted
112,719,2026-01-25,1106420.97,Pending
113,726,2025-07-19,1685987.54,Pending
114,729,2025-06-24,1473760.9,Accepted
115,733,2026-01-05,521459.88,Pending
116,736,2025-05-26,1346132.47,Rejected
117,738,2025-08-19,979855.03,Accepted
118,739,2026-01-17,536397.64,Accepted
119,749,2025-07-28,1087075.99,Accepted
120,755,2025-10-16,432096.6,Accepted
121,759,2025-08-27,560647.21,Accepted
122,763,2025-08-18,865679.2,Accepted
123,767,2025-12-28,1322978.55,Accepted
124,769,2025-02-10,1777785.81,Rejected
125,793,2025-02-17,416807.16,Accepted
126,800,2025-07-14,1430773.37,Accepted
127,808,2025-02-20,1149122.39,Accepted
128,823,2025-10-07,1310266.17,Accepted
129,827,2025-08-31,866794.32,Accepted
130,830,2025-07-07,986202.02,Accepted
131,834,2025-12-30,1174753.63,Accepted
132,835,2025-12-08,1442724.99,Pending
133,844,2025-06-07,806463.47,Accepted
134,849,2025-03-13,1035086.05,Accepted
135,856,2025-02-18,1233002.35,Accepted
136,864,2025-07-22,923621.32,Accepted
137,875,2026-01-21,1271403.23,Pending
138,885,2025-03-26,1752014.86,Rejected
139,888,2026-01-08,833018.72,Accepted
140,894,2025-07-01,737976.24,Accepted
141,895,2026-01-26,1567127.7,Rejected
142,900,2025-12-11,1782870.09,Rejected
143,904,2025-05-06,680188.66,Rejected
144,906,2025-08-20,1079285.44,Rejected
145,909,2025-12-04,881120.88,Accepted
146,913,2026-01-14,734127.85,Accepted
147,917,2025-03-25,710450.99,Accepted
148,927,2025-12-31,1664260.29,Accepted
149,931,2025-11-05,1656914.76,Rejected
150,944,2025-06-04,1138490.49,Accepted
151,963,2026-01-08,1329374.72,Accepted
152,965,2025-11-04,1393803.07,Accepted
153,972,2025-10-24,1424115.89,Accepted
154,985,2025-06-26,1016545.98,Accepted
155,1005,2025-04-04,1012535.56,Pending
156,1013,2025-09-06,1618069.99,Accepted
157,1017,2025-12-07,864257.8,Accepted
158,1030,2025-05-20,1776427.1,Rejected
159,1042,2025-08-30,1699841.12,Accepted
160,1043,2025-05-16,1549742.56,Accepted
161,1048,2025-10-31,639912.88,Rejected
162,1051,2025-12-18,874442.78,Rejected
163,1053,2025-09-10,459924.31,Accepted
164,1054,2025-12-17,1553381.66,Accepted
165,1057,2025-06-09,1719779.52,Pending
166,1063,2025-06-22,930193.68,Accepted
167,1067,2025-07-15,526536.18,Pending
168,1068,2025-04-21,1577806.39,Rejected
169,1090,2025-10-03,642662.03,Pending
170,1092,2025-11-26,1593354.64,Accepted
171,1093,2025-08-11,1683707.3,Rejected
172,1094,2025-05-01,687358.86,Accepted
173,1102,2025-06-14,1078769.19,Accepted
174,1109,2025-07-08,429207.92,Accepted
175,1114,2025-05-01,616778.76,Accepted
176,1115,2025-11-28,1113627.42,Pending
177,1119,2025-12-21,1425616.09,Accepted
178,1126,2025-03-19,1474835.23,Accepted
179,1128,2025-11-06,1042118.1,Accepted
180,1137,2025-11-10,628567.12,Accepted
181,1144,2025-10-05,1069148.83,Accepted
182,1145,2025-12-17,1659977.22,Accepted
183,1157,2025-02-17,1006683.55,Accepted
184,1159,2025-02-18,1589411.49,Accepted
185,1161,2025-12-08,719948.15,Accepted
186,1169,2025-06-23,644559.17,Accepted
187,1171,2025-05-31,1342387.03,Accepted
188,1172,2025-07-10,1412576.34,Accepted
189,1186,2026-01-21,561029.83,Accepted
190,1187,2025-03-13,1063629.71,Accepted
191,1220,2025-12-03,404732.66,Accepted
192,1221,2026-01-03,1544916.16,Accepted
193,1237,2025-01-30,1141620.83,Accepted
194,1246,2025-07-14,1439562.29,Accepted
195,1248,2025-08-09,1520122.64,Accepted
196,1253,2025-05-09,456670.71,Accepted
197,1279,2025-07-20,498060.5,Rejected
198,1283,2026-01-15,1391075.01,Rejected
199,1290,2025-12-14,1108473.64,Accepted
200,1305,2026-01-29,1233161.99,Accepted
201,1308,2025-11-19,1232089.37,Accepted
202,1323,2025-04-06,1202692.07,Accepted
203,1328,2025-04-17,1555464.36,Accepted
204,1335,2025-11-05,1787932.8,Accepted
205,1336,2025-06-06,886487.38,Accepted
206,1350,2025-04-16,934390.86,Rejected
207,1357,2025-12-22,999791.44,Accepted
208,1370,2026-01-21,1053251.85,Accepted
209,1376,2025-06-13,1360798.98,Accepted
210,1377,2025-04-16,871810.62,Accepted
211,1383,2025-02-11,1554817.0,Accepted
212,1386,2025-10-23,1499829.25,Accepted
213,1392,2025-02-11,974897.7,Pending
214,1393,2025-08-09,607588.03,Accepted
215,1396,2025-10-12,698012.64,Accepted
216,1402,2025-02-23,977503.19,Accepted
217,1420,2025-05-01,477869.73,Accepted
218,1452,2025-10-03,1136961.35,Accepted
219,1453,2025-04-23,1178695.43,Accepted
220,1454,2025-10-18,1777241.7,Pending
221,1462,2025-06-25,973292.43,Accepted
222,1470,2025-07-03,1576652.95,Accepted
223,1471,2026-01-17,698234.78,Accepted
224,1494,2025-05-26,1181145.58,Accepted
225,1499,2026-01-18,744230.56,Accepted
226,1501,2025-04-18,497622.35,Accepted
227,1502,2025-10-07,689798.34,Accepted
228,1505,2025-02-04,869065.23,Accepted
229,1536,2025-09-04,1240965.56,Pending
230,1557,2025-12-03,1098525.41,Pending
231,1561,2025-04-16,633793.13,Accepted
232,1562,2025-10-24,857693.06,Accepted
233,1564,2025-07-12,1280491.11,Accepted
234,1569,2025-12-20,805410.89,Accepted
235,1575,2025-06-22,751295.46,Accepted
236,1579,2025-11-08,667053.7,Accepted
237,1592,2025-05-13,491474.79,Rejected
238,1598,2025-05-25,1482191.24,Pending
239,1602,2025-08-04,1575867.96,Accepted
240,1604,2025-10-08,1081756.89,Rejected
241,1610,2025-07-15,1142608.85,Accepted
242,1615,2025-06-28,1231015.7,Pending
243,1622,2025-08-14,1627222.7,Accepted
244,1626,2025-02-12,1303149.47,Accepted
245,1628,2025-07-26,1654981.5,Rejected
246,1631,2026-01-07,519500.01,Rejected
247,1632,2025-07-26,1372709.55,Accepted
248,1635,2025-02-13,1244318.18,Accepted
249,1636,2025-05-16,1058856.52,Accepted
250,1637,2025-11-23,1737251.54,Pending
251,1640,2025-10-20,852649.52,Pending
252,1652,2025-12-22,444974.44,Pending
253,1658,2025-06-12,1722111.57,Pending
254,1661,2025-09-21,777285.81,Accepted
255,1672,2026-01-29,893450.69,Accepted
256,1673,2025-12-25,828324.89,Accepted
257,1675,2025-11-03,929915.76,Rejected
258,1691,2025-05-12,1273605.35,Accepted
259,1722,2025-12-20,895559.54,Rejected
260,1723,2025-08-06,1418855.57,Accepted
261,1738,2025-07-26,1186035.46,Accepted
262,1743,2025-12-01,1287510.81,Accepted
263,1744,2025-05-24,1585498.75,Rejected
264,1750,2025-03-19,1394662.23,Accepted
265,1754,2025-12-15,838498.8,Rejected
266,1779,2025-03-11,657356.95,Accepted
267,1790,2025-09-25,1303077.62,Rejected
268,1791,2025-07-21,414529.71,Accepted
269,1793,2025-06-11,1412685.29,Accepted
270,1801,2025-03-31,1477822.36,Rejected
271,1806,2025-04-01,729678.27,Accepted
272,1807,2025-12-23,1733421.35,Accepted
273,1818,2026-01-09,574202.87,Rejected
274,1839,2025-02-10,1195783.15,Rejected
275,1841,2025-03-26,1379565.06,Accepted
276,1852,2025-01-24,521977.35,Accepted
277,1854,2025-07-25,621883.47,Accepted
278,1857,2025-06-23,1639149.21,Accepted
279,1866,2025-07-06,940238.3,Accepted
280,1868,2025-05-05,943181.15,Rejected
281,1870,2025-10-12,943773.58,Accepted
282,1881,2025-10-10,1483593.86,Accepted
283,1885,2025-11-14,459871.48,Accepted
284,1888,2025-06-12,603904.81,Accepted
285,1891,2025-08-05,667059.9,Accepted
286,1903,2025-09-10,1026203.59,Accepted
287,1909,2025-12-24,410678.2,Accepted
288,1920,2025-07-19,1303034.44,Accepted
289,1930,2025-08-31,1626071.85,Accepted
290,1938,2025-02-11,711799.09,Rejected
291,1940,2026-01-02,1431630.44,Pending
292,1941,2025-11-28,882716.1,Accepted
293,1950,2025-03-27,1383996.21,Accepted
294,1953,2025-07-01,940094.71,Rejected
295,1955,2025-07-31,1583487.18,Accepted
296,1961,2025-02-16,1186484.19,Rejected
297,1962,2025-08-02,1144151.23,Rejected
298,1964,2025-04-03,1732828.18,Accepted
299,1986,2025-06-13,909171.99,Accepted
300,1989,2025-06-08,1233911.82,Accepted
301,2000,2025-09-02,1222978.33,Rejected
302,2006,2025-09-10,629899.65,Accepted
303,2007,2025-05-07,1021664.4,Accepted
304,2009,2025-10-24,445366.56,Rejected
305,2024,2025-07-25,525112.85,Accepted
306,2027,2025-03-23,796861.5,Accepted
307,2028,2025-11-27,1513155.4,Rejected
308,2039,2025-08-15,687882.41,Accepted
309,2040,2025-05-07,1321176.15,Accepted
310,2042,2025-05-09,1086323.99,Accepted
311,2050,2025-10-19,1559692.33,Accepted
312,2090,2025-10-24,1731364.75,Pending
313,2093,2025-07-30,1393032.76,Accepted
314,2095,2025-08-19,1309485.99,Rejected
315,2108,2025-06-27,1667730.71,Pending
316,2111,2025-07-22,770777.4,Accepted
317,2114,2025-07-09,1732649.23,Accepted
318,2132,2025-08-05,1180571.81,Accepted
319,2133,2025-08-28,1095390.36,Pending
320,2135,2025-02-13,793708.79,Accepted
321,2152,2025-09-27,1045661.35,Pending
322,2184,2025-07-10,1624740.33,Pending
323,2188,2025-12-11,532480.73,Rejected
324,2191,2025-05-08,720457.17,Accepted
325,2201,2025-10-31,1158281.17,Rejected
326,2209,2025-08-31,1133690.13,Rejected
327,2210,2025-10-13,1757180.9,Accepted
328,2221,2025-10-29,1799763.85,Rejected
329,2226,2026-01-10,1476103.19,Accepted
330,2231,2025-05-07,1250976.03,Pending
331,2235,2025-08-22,1685085.61,Pending
332,2238,2025-02-18,1595250.21,Rejected
333,2246,2025-11-01,450246.63,Accepted
334,2248,2025-05-10,565431.59,Rejected
335,2249,2025-11-13,1004213.65,Accepted
336,2252,2025-05-22,659265.93,Accepted
337,2257,2025-11-19,409649.84,Pending
338,2261,2025-05-04,1169378.3,Rejected
339,2268,2025-10-09,1262011.49,Accepted
340,2276,2025-12-17,1720323.29,Accepted
341,2288,2026-02-01,1405083.15,Accepted
342,2297,2025-08-04,1691877.63,Rejected
343,2303,2026-01-29,1230128.14,Pending
344,2308,2025-07-22,1709530.69,Accepted
345,2320,2025-03-24,529598.55,Pending
346,2332,2025-04-30,1650016.55,Accepted
347,2336,2025-09-09,1422978.57,Accepted
348,2340,2025-09-08,831015.96,Accepted
349,2347,2025-11-11,964318.73,Accepted
350,2352,2025-07-14,1706560.14,Accepted
351,2354,2025-03-30,1216355.0,Rejected
352,2358,2025-10-10,1564953.56,Accepted
353,2365,2025-10-12,808467.24,Accepted
354,2371,2025-11-08,820540.75,Accepted
355,2374,2025-06-21,1539316.18,Accepted
356,2379,2026-01-04,1090088.18,Rejected
357,2381,2025-09-13,1434935.96,Accepted
358,2392,2025-08-07,459285.94,Rejected
359,2405,2025-10-08,1212453.28,Accepted
360,2410,2026-01-03,1148860.97,Accepted
361,2434,2025-02-10,1578005.64,Rejected
362,2441,2025-07-08,980150.38,Rejected
363,2443,2025-11-02,769787.56,Pending
364,2459,2025-07-13,1311732.14,Pending
365,2462,2025-03-30,1213858.64,Accepted
366,2463,2025-09-18,463240.64,Rejected
367,2468,2025-05-05,880587.15,Pending
368,2469,2025-12-25,744866.72,Accepted
369,2477,2025-04-06,1661124.49,Accepted
370,2480,2025-06-04,954010.79,Rejected
371,2489,2025-10-18,1581887.24,Accepted
372,2491,2025-08-08,1027401.71,Rejected
373,2501,2025-08-13,1411534.3,Accepted
374,2521,2025-07-09,1610994.59,Accepted
375,2524,2025-03-27,1667412.13,Pending
376,2530,2025-08-08,1312556.58,Accepted
377,2533,2025-09-07,697187.01,Rejected
378,2540,2025-02-13,795977.84,Accepted
379,2573,2025-11-15,1006729.46,Rejected
380,2574,2025-05-05,442506.41,Accepted
381,2575,2025-07-28,1441026.75,Rejected
382,2580,2025-10-03,743055.47,Accepted
383,2588,2025-03-30,1386966.29,Accepted
384,2590,2025-01-31,1038376.89,Accepted
385,2594,2025-10-05,742569.42,Accepted
386,2602,2025-10-24,1658422.31,Accepted
387,2605,2025-05-28,749353.54,Accepted
388,2609,2025-04-13,1140090.83,Accepted
389,2613,2025-04-13,521519.55,Pending
390,2620,2025-07-13,1556362.18,Rejected
391,2621,2025-10-31,1093512.23,Accepted
392,2622,2025-08-13,848169.36,Accepted
393,2624,2025-11-19,1138798.31,Rejected
394,2628,2025-11-10,1716095.27,Accepted
395,2643,2025-12-22,503657.88,Pending
396,2647,2025-05-25,409849.36,Accepted
397,2648,2025-08-05,779585.79,Accepted
398,2655,2025-07-28,1442098.53,Pending
399,2657,2025-01-22,1136814.39,Rejected
400,2662,2025-09-07,693343.81,Accepted
401,2667,2025-07-27,844146.0,Accepted
402,2671,2025-07-08,470711.27,Accepted
403,2678,2025-03-24,1003936.78,Rejected
404,2681,2025-09-07,961911.05,Accepted
405,2694,2025-07-04,515182.61,Rejected
406,2718,2025-12-14,1148078.17,Pending
407,2726,2025-10-02,529749.99,Accepted
408,2728,2025-03-31,1663869.46,Rejected
409,2731,2025-04-23,1138663.83,Pending
410,2732,2025-07-06,1499881.42,Accepted
411,2736,2025-04-26,802826.91,Accepted
412,2750,2025-09-16,723686.65,Accepted
413,2751,2025-02-13,1438621.37,Accepted
414,2752,2025-05-27,1421614.52,Accepted
415,2755,2025-10-25,1034893.66,Accepted
416,2771,2025-04-03,420649.19,Accepted
417,2774,2025-12-30,460171.12,Accepted
418,2779,2025-06-03,1045941.23,Accepted
419,2783,2025-07-04,1119311.62,Rejected
420,2790,2025-02-24,1714104.95,Rejected
421,2795,2025-06-04,1499278.33,Pending
422,2799,2025-07-11,467839.55,Accepted
423,2813,2025-09-27,1550565.26,Accepted
424,2823,2025-07-31,1649610.33,Accepted
425,2830,2026-01-25,780928.29,Accepted
426,2839,2025-11-27,1376385.92,Accepted
427,2845,2025-11-16,664698.4,Accepted
428,2847,2025-06-13,957332.69,Accepted
429,2860,2025-09-09,687037.31,Accepted
430,2867,2025-07-18,441041.66,Accepted
431,2870,2025-08-24,1535811.17,Accepted
432,2874,2025-08-22,958363.99,Accepted
433,2879,2025-05-21,538533.08,Accepted
434,2880,2025-09-16,513443.55,Rejected
435,2883,2025-05-06,770827.41,Accepted
436,2890,2025-11-16,428059.27,Accepted
437,2891,2025-06-02,1096765.8,Accepted
438,2898,2025-05-04,1792744.55,Accepted
439,2921,2025-08-01,972480.25,Accepted
440,2927,2026-01-09,853883.23,Accepted
441,2928,2025-04-01,1420041.25,Rejected
442,2937,2026-01-13,750955.07,Pending
443,2938,2026-01-12,1301827.86,Rejected
444,2943,2025-10-09,453086.51,Accepted
445,2969,2025-03-02,716601.87,Accepted
446,2970,2025-06-25,471471.51,Accepted
447,3000,2025-03-22,1223770.04,Accepted
448,3020,2025-07-06,793243.27,Accepted
449,3021,2025-02-18,1109261.17,Rejected
450,3031,2025-12-09,1516874.15,Accepted
451,3041,2025-06-11,1377706.27,Accepted
452,3055,2026-01-30,1691833.34,Accepted
453,3063,2025-10-19,810228.12,Accepted
454,3068,2025-11-08,659363.35,Pending
455,3071,2025-05-07,973659.07,Rejected
456,3076,2025-08-22,1480989.19,Accepted
457,3080,2025-08-11,1507900.83,Accepted
458,3088,2025-08-02,463553.55,Accepted
459,3089,2025-09-09,650630.16,Accepted
460,3093,2025-10-02,1608461.13,Rejected
461,3108,2025-08-08,1328481.14,Pending
462,3109,2025-07-06,1076467.97,Accepted
463,3114,2025-12-06,802510.98,Accepted
464,3116,2025-05-21,988333.65,Accepted
465,3126,2025-06-22,656463.52,Pending
466,3127,2025-01-28,597741.89,Accepted
467,3152,2025-11-23,1788552.89,Pending
468,3159,2025-02-18,674561.15,Accepted
469,3174,2025-10-23,1657529.9,Accepted
470,3181,2025-02-11,1495242.52,Rejected
471,3184,2025-03-15,432692.27,Accepted
472,3188,2025-09-06,1082673.09,Accepted
473,3195,2025-09-21,1153629.09,Accepted
474,3205,2025-12-02,1785605.31,Rejected
475,3207,2025-10-24,1065844.64,Rejected
476,3220,2025-07-12,405218.23,Accepted
477,3225,2025-05-02,1309533.62,Accepted
478,3233,2025-10-10,1716067.35,Accepted
479,3236,2025-04-15,1004798.59,Accepted
480,3237,2026-01-06,934947.08,Accepted
481,3238,2025-12-16,1551674.22,Accepted
482,3240,2025-09-20,558499.55,Accepted
483,3248,2025-06-23,403019.69,Accepted
484,3256,2025-06-26,792084.59,Accepted
485,3278,2025-08-12,1724410.37,Accepted
486,3286,2025-09-30,488383.21,Accepted
487,3294,2025-08-14,889625.89,Accepted
488,3300,2025-11-09,786803.2,Accepted
489,3312,2025-05-13,493216.97,Accepted
490,3316,2025-03-18,694605.97,Accepted
491,3321,2025-12-05,1513737.99,Accepted
492,3335,2025-04-25,924510.81,Accepted
493,3336,2025-09-24,498403.57,Accepted
494,3340,2025-10-19,489916.92,Accepted
495,3344,2025-04-03,1201852.3,Accepted
496,3348,2025-03-07,649331.04,Pending
497,3355,2025-09-05,1474848.82,Accepted
498,3360,2025-04-14,1209129.21,Accepted
499,3367,2025-07-08,916800.88,Accepted
500,3385,2025-12-27,1719192.44,Accepted
501,3387,2025-03-28,1097697.64,Accepted
502,3397,2025-08-12,1465040.67,Rejected
503,3398,2025-08-01,845667.17,Rejected
504,3424,2025-04-17,1016184.62,Accepted
505,3426,2025-10-08,631177.4,Accepted
506,3432,2025-12-20,1660014.35,Rejected
507,3445,2025-06-02,1769118.06,Accepted
508,3446,2025-04-18,954911.09,Accepted
509,3447,2025-05-25,1279655.75,Rejected
510,3452,2025-04-13,1112627.92,Accepted
511,3467,2025-10-25,1314850.95,Accepted
512,3486,2025-02-01,1133138.18,Accepted
513,3504,2025-05-24,1253654.27,Rejected
514,3505,2025-03-17,1793713.93,Accepted
515,3508,2025-03-06,1108264.15,Accepted
516,3517,2026-01-05,902807.65,Accepted
517,3518,2025-05-24,1721868.46,Accepted
518,3519,2025-02-18,1147187.43,Accepted
519,3531,2026-01-08,1514444.51,Rejected
520,3543,2025-09-15,666758.63,Accepted
521,3544,2025-09-19,448695.85,Rejected
522,3550,2025-09-16,913047.77,Accepted
523,3568,2025-10-07,592582.96,Accepted
524,3576,2025-02-10,1273933.19,Pending
525,3583,2025-06-02,560664.4,Accepted
526,3589,2025-12-03,903924.13,Accepted
527,3593,2025-11-07,1494384.95,Accepted
528,3595,2025-02-09,471216.8,Accepted
529,3597,2025-06-12,1755480.62,Accepted
530,3616,2025-03-13,1053100.41,Accepted
531,3617,2025-02-09,1759941.36,Accepted
532,3620,2025-07-14,1302021.67,Accepted
533,3633,2025-04-28,427343.04,Accepted
534,3637,2025-07-28,666751.97,Accepted
535,3638,2025-05-14,1440094.99,Rejected
536,3643,2025-10-09,984332.2,Accepted
537,3647,2025-12-18,1293602.78,Accepted
538,3656,2025-10-15,1259984.46,Accepted
539,3658,2025-10-04,1351075.54,Accepted
540,3660,2025-07-22,1450293.69,Accepted
541,3664,2025-10-25,482988.95,Rejected
542,3667,2026-01-06,1660354.97,Accepted
543,3672,2025-09-29,495921.81,Accepted
544,3674,2025-02-15,996224.93,Accepted
545,3679,2025-04-07,970343.6,Accepted
546,3681,2026-02-01,1066161.92,Accepted
547,3686,2025-04-05,1131369.81,Accepted
548,3689,2025-11-01,990799.53,Accepted
549,3690,2025-03-24,1087173.6,Accepted
550,3694,2026-01-08,522899.68,Pending
551,3701,2025-11-02,1148873.07,Accepted
552,3702,2025-10-20,544729.61,Rejected
553,3713,2025-10-30,1768009.96,Rejected
554,3715,2025-11-14,1354952.51,Pending
555,3752,2025-04-28,758749.89,Accepted
556,3765,2025-04-28,937493.59,Accepted
557,3776,2025-04-20,1150782.11,Rejected
558,3782,2025-06-16,778531.62,Accepted
559,3788,2025-07-17,1046036.61,Accepted
560,3795,2025-09-12,839123.84,Rejected
561,3808,2025-09-29,1564637.91,Accepted
562,3811,2025-07-07,1769625.07,Accepted
563,3816,2025-11-03,875710.49,Accepted
564,3818,2025-05-11,1642962.71,Accepted
565,3827,2025-05-27,1326351.89,Accepted
566,3829,2025-07-30,972012.48,Accepted
567,3850,2025-10-03,1252485.23,Pending
568,3859,2025-04-03,1073849.66,Accepted
569,3862,2025-08-13,876814.19,Rejected
570,3871,2025-07-16,1606073.24,Accepted
571,3872,2025-09-06,1448359.46,Accepted
572,3875,2025-10-06,1013165.84,Accepted
573,3876,2025-03-08,1016027.45,Rejected
574,3878,2025-03-11,1185100.33,Rejected
575,3881,2025-10-23,702282.53,Accepted
576,3890,2025-10-29,857511.02,Rejected
577,3893,2025-07-30,1146638.68,Accepted
578,3896,2025-06-17,1389492.94,Accepted
579,3900,2025-12-11,1648487.03,Accepted
580,3903,2025-08-01,1680238.58,Accepted
581,3906,2026-01-03,1704497.17,Accepted
582,3919,2026-01-11,1677303.82,Pending
583,3921,2025-12-17,448179.31,Accepted
584,3925,2025-06-23,404811.74,Accepted
585,3935,2025-02-08,1372500.31,Accepted
586,3949,2025-07-22,1031047.19,Accepted
587,3951,2025-05-20,727484.57,Rejected
588,3964,2025-09-10,1020896.67,Accepted
589,3968,2025-06-21,1036997.84,Accepted
590,3973,2025-04-26,1360862.08,Accepted
591,3975,2026-01-01,785558.26,Rejected
592,3977,2025-11-30,845893.51,Accepted
593,3986,2025-12-15,1292392.16,Accepted
594,4009,2025-06-15,1375918.62,Accepted
595,4029,2025-04-27,843439.94,Accepted
596,4037,2026-01-26,1401343.76,Accepted
597,4038,2025-07-05,729401.88,Rejected
598,4042,2025-04-28,738284.12,Accepted
599,4043,2025-05-12,872093.65,Accepted
600,4048,2025-08-04,476872.98,Accepted
601,4054,2025-01-27,1547186.77,Rejected
602,4056,2025-09-26,565968.77,Accepted
603,4060,2025-03-30,412143.66,Accepted
604,4064,2025-05-02,1029016.78,Accepted
605,4065,2025-09-22,1628695.67,Accepted
606,4067,2025-10-11,815356.49,Accepted
607,4072,2025-08-02,994287.13,Accepted
608,4075,2025-05-26,1454643.36,Accepted
609,4076,2025-08-08,1785111.78,Accepted
610,4083,2025-11-21,1073428.86,Accepted
611,4086,2025-07-30,1203159.56,Rejected
612,4117,2025-07-06,1531796.46,Accepted
613,4120,2025-03-21,1299346.09,Accepted
614,4128,2025-12-07,1090818.57,Accepted
615,4130,2025-10-11,1595241.86,Accepted
616,4138,2025-10-30,1131892.5,Rejected
617,4147,2025-12-13,1519375.33,Accepted
618,4148,2026-01-07,1246627.9,Rejected
619,4149,2025-08-09,1574337.53,Accepted
620,4151,2025-04-21,882580.1,Accepted
621,4154,2025-03-23,1268087.93,Accepted
622,4156,2025-06-19,740793.69,Pending
623,4157,2025-11-21,1248776.61,Accepted
624,4162,2025-12-20,1710655.94,Accepted
625,4171,2025-09-09,1195752.07,Accepted
626,4174,2025-12-04,633597.69,Accepted
627,4178,2025-05-31,743038.59,Accepted
628,4184,2025-05-05,1590574.66,Accepted
629,4194,2025-07-27,1340607.39,Accepted
630,4212,2025-07-19,1444902.69,Rejected
631,4225,2025-11-21,1538089.04,Accepted
632,4234,2025-11-28,1725715.09,Accepted
633,4241,2025-07-06,1278012.35,Accepted
634,4246,2025-09-01,441000.97,Accepted
635,4249,2025-11-20,1646448.94,Accepted
636,4250,2025-04-12,1661009.1,Accepted
637,4253,2025-09-16,1057461.79,Accepted
638,4256,2025-07-08,855517.86,Accepted
639,4262,2026-01-02,1073637.7,Accepted
640,4269,2025-09-01,417049.68,Accepted
641,4270,2026-01-13,1600133.5,Pending
642,4271,2025-12-22,1269021.51,Accepted
643,4279,2025-06-06,1233637.26,Accepted
644,4288,2025-07-05,784549.87,Rejected
645,4291,2025-12-17,1318293.62,Pending
646,4315,2025-08-04,881573.36,Rejected
647,4319,2025-04-07,1456459.12,Rejected
648,4330,2025-07-15,1540406.81,Rejected
649,4333,2025-02-07,1596836.21,Accepted
650,4342,2025-07-18,1301839.94,Pending
651,4349,2025-06-20,751516.97,Accepted
652,4351,2025-07-18,901925.53,Accepted
653,4352,2025-11-12,687830.65,Accepted
654,4353,2025-04-28,1420095.35,Rejected
655,4362,2025-05-01,630775.03,Accepted
656,4363,2025-12-25,1220165.05,Accepted
657,4364,2025-08-21,1530733.0,Accepted
658,4378,2025-10-17,1729500.36,Rejected
659,4383,2025-02-21,941460.27,Accepted
660,4389,2025-10-07,796851.54,Accepted
661,4398,2025-11-15,660017.61,Accepted
662,4413,2025-07-29,474024.85,Accepted
663,4417,2025-12-16,574019.08,Pending
664,4424,2025-07-08,1220363.73,Rejected
665,4435,2025-12-19,1109958.11,Accepted
666,4441,2025-06-16,1387774.93,Accepted
667,4444,2025-05-30,1214326.98,Pending
668,4446,2025-12-26,789526.64,Accepted
669,4449,2025-12-30,1634046.39,Accepted
670,4472,2025-03-28,484069.42,Accepted
671,4474,2025-09-25,786548.28,Rejected
672,4479,2025-09-16,1453228.5,Accepted
673,4484,2025-09-14,995446.09,Rejected
674,4486,2025-02-05,1558652.18,Accepted
675,4487,2025-02-21,1722876.14,Rejected
676,4488,2025-05-25,811434.69,Accepted
677,4496,2025-03-30,650813.65,Accepted
678,4498,2025-06-04,1180367.82,Rejected
679,4499,2025-04-25,1103568.03,Accepted
680,4536,2025-12-24,1440787.69,Accepted
681,4540,2025-06-18,665659.18,Accepted
682,4557,2025-08-11,417955.27,Rejected
683,4574,2025-11-04,401221.58,Accepted
684,4581,2025-11-07,1653737.44,Accepted
685,4586,2025-12-30,1283421.72,Accepted
686,4592,2025-02-01,1495980.89,Rejected
687,4596,2026-01-08,1463982.85,Rejected
688,4600,2025-08-28,1566873.36,Accepted
689,4603,2025-12-29,1192258.55,Accepted
690,4606,2025-02-14,1041000.56,Accepted
691,4621,2025-09-25,1793320.5,Accepted
692,4632,2025-11-30,1529640.38,Accepted
693,4656,2025-07-18,705622.15,Rejected
694,4661,2025-10-15,1719687.36,Accepted
695,4663,2025-03-28,1618287.03,Accepted
696,4669,2025-07-06,968300.55,Rejected
697,4674,2025-05-08,1431576.1,Accepted
698,4688,2025-03-18,675453.16,Accepted
699,4694,2025-09-26,1565600.61,Pending
700,4702,2025-10-17,470454.03,Pending
701,4706,2025-11-16,1524670.22,Rejected
702,4718,2025-03-09,602238.45,Accepted
703,4721,2025-08-06,560821.95,Accepted
704,4724,2025-06-02,1012391.41,Rejected
705,4736,2025-08-13,428422.65,Accepted
706,4738,2025-03-21,1204585.48,Accepted
707,4739,2025-10-23,769595.41,Rejected
708,4740,2025-09-06,1229960.84,Rejected
709,4757,2025-10-17,1116416.2,Accepted
710,4766,2025-09-05,1751026.29,Accepted
711,4767,2025-09-12,1706215.02,Accepted
712,4779,2025-06-24,1201443.41,Rejected
713,4780,2025-07-15,1414996.83,Accepted
714,4793,2025-06-16,1414091.5,Rejected
715,4796,2025-03-05,678687.56,Accepted
716,4797,2025-11-27,1044803.72,Accepted
717,4807,2025-09-09,791816.56,Accepted
718,4808,2026-01-02,536405.81,Accepted
719,4810,2025-11-12,913498.9,Accepted
720,4812,2025-11-28,1407349.48,Accepted
721,4813,2025-06-26,1259945.4,Pending
722,4815,2025-05-20,1628812.65,Accepted
723,4816,2025-09-26,493235.37,Accepted
724,4817,2025-11-20,493774.91,Accepted
725,4821,2025-05-29,907497.45,Accepted
726,4823,2025-05-20,819661.43,Accepted
727,4827,2025-07-10,779913.07,Accepted
728,4834,2025-11-03,834116.5,Accepted
729,4845,2025-03-13,447271.4,Accepted
730,4846,2025-04-04,1749221.36,Accepted
731,4848,2025-08-08,1033668.8,Accepted
732,4858,2025-07-29,1530366.09,Accepted
733,4873,2025-03-01,685656.03,Rejected
734,4876,2025-08-07,1546915.12,Rejected
735,4877,2025-10-08,860200.98,Rejected
736,4881,2025-02-14,1461018.5,Accepted
737,4891,2025-09-24,975737.3,Accepted
738,4893,2025-08-18,684481.47,Pending
739,4898,2025-04-01,1182270.43,Rejected
740,4903,2025-05-16,1694854.48,Accepted
741,4911,2025-03-31,634079.98,Accepted
742,4921,2025-04-15,1301249.96,Pending
743,4930,2025-04-17,1003447.27,Accepted
744,4936,2025-05-07,1557073.02,Accepted
745,4948,2025-09-11,1793214.81,Rejected
746,4955,2025-05-20,1535788.05,Accepted
747,4962,2025-09-16,819732.89,Accepted
748,4985,2025-08-09,665637.25,Rejected
749,4987,2025-06-05,1327557.58,Accepted
750,4991,2025-12-27,1694808.69,Rejected
751,4997,2025-09-26,608288.91,Rejected
752,5004,2025-10-21,1344718.91,Pending
753,5006,2025-03-11,604355.54,Accepted
754,5016,2025-12-16,1797374.33,Accepted
755,5018,2026-01-06,1299658.55,Accepted
756,5022,2026-01-03,1789915.82,Accepted
757,5031,2025-09-10,1486711.32,Accepted
758,5033,2025-03-18,804515.64,Rejected
759,5045,2025-02-12,1502356.63,Accepted
760,5046,2025-04-03,718155.99,Rejected
761,5047,2025-05-18,594115.66,Rejected
762,5058,2025-05-26,1475364.82,Accepted
763,5065,2025-10-18,876830.18,Rejected
764,5071,2025-04-16,776308.3,Accepted
765,5082,2025-09-24,752831.76,Accepted
766,5084,2025-02-18,1493495.14,Accepted
767,5086,2025-05-08,702947.43,Accepted
768,5091,2025-02-18,918673.65,Accepted
769,5111,2025-04-03,1671477.04,Accepted
770,5116,2025-12-16,422290.18,Accepted
771,5119,2025-10-27,1726212.59,Accepted
772,5134,2025-09-15,1652617.53,Pending
773,5136,2025-06-02,540268.24,Accepted
774,5137,2025-06-12,402278.6,Rejected
775,5140,2025-07-05,830744.13,Rejected
776,5141,2025-03-06,750043.48,Accepted
777,5148,2025-04-15,912388.44,Accepted
778,5157,2025-11-28,636563.05,Pending
779,5169,2026-01-16,1336675.48,Accepted
780,5189,2025-12-19,1097781.4,Accepted
781,5199,2025-06-29,1463017.73,Accepted
782,5201,2025-08-22,1492328.48,Rejected
783,5202,2025-09-16,1206006.94,Accepted
784,5204,2025-11-07,1794323.42,Accepted
785,5207,2025-08-15,1671579.26,Pending
786,5215,2025-12-09,950609.35,Accepted
787,5216,2025-04-20,855869.6,Accepted
788,5221,2025-09-30,1030176.11,Rejected
789,5244,2025-07-07,1309944.06,Accepted
790,5254,2025-02-20,1055972.86,Accepted
791,5255,2025-11-26,778216.84,Accepted
792,5273,2025-01-27,703957.85,Accepted
793,5274,2025-08-26,852155.46,Accepted
794,5278,2025-03-12,1526056.19,Accepted
795,5280,2026-01-22,1711651.26,Accepted
796,5281,2025-05-07,1586203.37,Accepted
797,5284,2025-05-10,671839.44,Accepted
798,5289,2025-12-16,1295725.86,Accepted
799,5292,2026-01-05,757665.65,Accepted
800,5296,2025-06-08,928567.43,Accepted
801,5298,2025-02-08,541755.91,Accepted
802,5299,2025-06-18,776314.21,Accepted
803,5300,2025-03-10,1607980.65,Accepted
804,5305,2025-06-05,1514638.35,Rejected
805,5310,2025-04-28,562682.08,Accepted
806,5315,2025-01-25,1766530.75,Accepted
807,5321,2025-02-20,636642.65,Accepted
808,5322,2025-11-16,1371050.45,Accepted
809,5328,2025-05-23,475476.05,Pending
810,5334,2025-09-21,442159.16,Accepted
811,5336,2025-09-10,1710467.78,Accepted
812,5339,2025-08-31,460692.4,Rejected
813,5341,2025-02-14,1355099.28,Accepted
814,5352,2025-03-21,585849.23,Pending
815,5362,2025-03-08,1797684.7,Accepted
816,5364,2025-02-06,1788723.57,Accepted
817,5377,2025-10-15,535203.96,Rejected
818,5378,2025-09-22,886819.95,Accepted
819,5381,2025-03-05,549558.38,Accepted
820,5393,2025-06-05,1708413.76,Accepted
821,5395,2025-04-15,432118.5,Accepted
822,5397,2025-06-13,1362922.83,Accepted
823,5400,2025-08-11,1215367.06,Accepted
824,5402,2025-09-12,875057.94,Accepted
825,5404,2025-05-30,1197091.33,Rejected
826,5430,2025-12-21,574639.09,Accepted
827,5440,2025-04-11,1207077.64,Pending
828,5451,2025-10-14,737395.27,Rejected
829,5457,2026-01-25,977091.13,Accepted
830,5462,2025-09-06,438961.13,Accepted
831,5477,2025-10-01,870676.37,Rejected
832,5481,2025-07-02,1028242.21,Accepted
833,5485,2025-10-08,1431354.8,Accepted
834,5489,2025-06-30,1709146.1,Pending
835,5492,2025-04-03,1564766.19,Accepted
836,5494,2025-10-03,1075437.03,Rejected
837,5495,2025-03-05,1471355.42,Accepted
838,5499,2025-04-13,1204709.47,Accepted
839,5504,2025-07-04,1384347.2,Accepted
840,5506,2025-02-11,961363.79,Accepted
841,5516,2026-01-17,1565065.11,Accepted
842,5519,2025-11-29,1341434.91,Rejected
843,5521,2025-08-24,670187.5,Accepted
844,5526,2025-07-28,1652776.39,Accepted
845,5528,2025-04-26,1269992.51,Accepted
846,5535,2025-09-11,1164463.14,Rejected
847,5538,2025-09-06,971922.28,Accepted
848,5554,2025-05-20,547124.56,Accepted
849,5555,2025-02-18,875566.68,Rejected
850,5577,2025-11-10,1333829.78,Accepted
851,5580,2026-01-16,849008.77,Accepted
852,5584,2025-05-04,1701165.88,Accepted
853,5593,2025-10-06,746993.43,Accepted
854,5594,2025-07-15,1114957.39,Accepted
855,5605,2025-12-11,1475200.77,Rejected
856,5607,2025-08-11,1622868.32,Accepted
857,5619,2025-02-20,573877.71,Rejected
858,5624,2025-12-18,1716798.87,Accepted
859,5625,2025-11-26,924136.32,Accepted
860,5629,2025-11-16,882447.49,Accepted
861,5641,2025-09-04,1033667.17,Accepted
862,5642,2025-07-16,524538.79,Accepted
863,5643,2026-01-06,1689245.91,Accepted
864,5645,2025-02-13,763649.51,Accepted
865,5651,2025-06-17,1504673.92,Accepted
866,5653,2025-02-13,1560525.57,Rejected
867,5661,2025-06-14,1254485.4,Accepted
868,5662,2025-11-05,1543575.88,Rejected
869,5663,2025-04-07,1077218.28,Accepted
870,5667,2025-11-03,1526379.75,Accepted
871,5669,2025-08-05,1640196.69,Pending
872,5670,2025-10-25,814442.03,Accepted
873,5677,2025-11-14,441399.77,Accepted
874,5680,2025-10-18,551179.09,Rejected
875,5683,2025-05-15,1463545.97,Rejected
876,5686,2025-10-11,647923.83,Accepted
877,5687,2025-08-15,1780243.87,Accepted
878,5691,2025-12-28,1661176.29,Accepted
879,5700,2025-02-13,1498883.06,Rejected
880,5702,2025-03-22,589439.34,Rejected
881,5703,2025-02-07,699473.14,Pending
882,5704,2025-10-29,507628.97,Pending
883,5710,2025-05-21,587017.16,Accepted
884,5724,2025-10-05,1338630.39,Rejected
885,5731,2025-12-03,1435336.95,Accepted
886,5744,2025-06-06,634387.97,Rejected
887,5745,2025-09-28,778970.36,Pending
888,5766,2025-02-05,1330930.83,Rejected
889,5769,2025-04-18,1455478.57,Accepted
890,5777,2025-08-31,922373.3,Accepted
891,5778,2025-08-06,961684.58,Accepted
892,5791,2025-07-16,1508810.77,Accepted
893,5799,2025-07-14,450130.22,Pending
894,5810,2025-08-19,1119674.01,Rejected
895,5825,2025-08-25,1170902.65,Accepted
896,5832,2025-09-26,1095010.38,Accepted
897,5837,2025-04-03,1574344.09,Rejected
898,5844,2025-07-15,1260207.89,Accepted
899,5849,2025-05-21,1094926.77,Accepted
900,5872,2025-04-11,1402094.54,Accepted
901,5873,2025-05-11,1140153.56,Accepted
902,5874,2025-09-05,1702699.94,Accepted
903,5876,2025-06-15,872900.55,Accepted
904,5889,2025-09-12,1079327.06,Pending
905,5890,2025-12-25,1397266.7,Accepted
906,5892,2025-09-13,423072.71,Accepted
907,5901,2025-12-05,651265.97,Accepted
908,5922,2025-10-08,407639.22,Accepted
909,5924,2025-05-02,784763.82,Accepted
910,5930,2025-09-14,1762511.9,Rejected
911,5931,2025-03-31,1459152.85,Accepted
912,5932,2025-10-07,416890.03,Accepted
913,5936,2025-10-20,692164.98,Rejected
914,5941,2025-05-14,1054387.91,Rejected
915,5944,2025-03-06,1477671.08,Accepted
916,5948,2025-05-20,1372120.07,Rejected
917,5950,2025-04-21,1519283.76,Accepted
918,5954,2025-08-07,556293.91,Accepted
919,5956,2025-10-08,779019.57,Accepted
920,5957,2025-02-23,504102.76,Accepted
921,5958,2025-04-17,1311654.01,Pending
922,5966,2025-03-28,1594127.68,Accepted
923,5969,2025-04-22,882857.36,Accepted
924,5970,2025-07-15,1712639.14,Accepted
925,5971,2025-05-19,1442731.83,Accepted
926,5972,2025-11-15,1379980.16,Accepted
927,5974,2025-06-16,630658.12,Pending
928,5983,2025-09-26,1661736.68,Accepted
929,5995,2025-05-31,1594933.92,Pending
930,5999,2025-07-05,458601.6,Accepted
931,6001,2025-03-13,1611250.58,Rejected
932,6006,2025-03-05,1364345.23,Accepted
933,6022,2025-12-02,1314918.63,Accepted
934,6024,2025-04-29,1330388.17,Accepted
935,6025,2025-10-11,440612.59,Accepted
936,6036,2025-08-19,1594918.34,Accepted
937,6044,2025-10-22,1086971.76,Accepted
938,6055,2025-12-16,1488697.56,Accepted
939,6060,2026-01-24,1679827.4,Accepted
940,6064,2025-07-18,829971.53,Accepted
941,6065,2025-10-18,880534.47,Pending
942,6071,2025-12-02,740671.64,Pending
943,6072,2025-12-30,592885.74,Rejected
944,6077,2025-12-19,1747802.03,Accepted
945,6079,2025-02-07,578333.1,Accepted
946,6080,2025-06-03,445698.52,Accepted
947,6089,2025-08-26,519758.35,Accepted
948,6095,2025-12-05,1261224.64,Pending
949,6099,2025-10-16,1259502.09,Accepted
950,6100,2025-07-24,834816.52,Accepted
951,6103,2025-10-30,1128466.96,Pending
952,6104,2025-12-02,1583400.38,Accepted
953,6109,2026-01-22,1328046.3,Accepted
954,6112,2025-12-12,1313129.23,Accepted
955,6115,2025-11-27,873966.85,Accepted
956,6116,2026-01-14,854443.93,Accepted
957,6127,2025-10-31,770435.09,Pending
958,6136,2026-01-03,802344.29,Accepted
959,6142,2025-02-02,783938.75,Accepted
960,6152,2025-03-25,931076.42,Accepted
961,6157,2025-11-19,433644.79,Rejected
962,6159,2025-05-17,1145877.1,Accepted
963,6170,2025-07-23,1778845.53,Accepted
964,6178,2025-09-26,1012494.13,Accepted
965,6187,2025-08-06,844188.69,Accepted
966,6197,2025-08-12,404099.52,Accepted
967,6204,2025-03-09,1527928.75,Accepted
968,6207,2025-11-09,662597.02,Accepted
969,6210,2025-06-11,1154063.71,Accepted
970,6212,2025-06-21,1101851.82,Accepted
971,6218,2025-05-16,1259891.87,Accepted
972,6237,2026-01-10,1177900.34,Rejected
973,6240,2026-01-19,1163890.83,Accepted
974,6245,2026-01-09,1089580.87,Rejected
975,6246,2025-11-09,1134237.42,Accepted
976,6251,2025-07-11,547382.65,Accepted
977,6266,2025-07-14,527710.96,Accepted
978,6267,2025-07-17,1100486.99,Accepted
979,6270,2025-08-24,980646.63,Accepted
980,6283,2025-11-10,665043.17,Accepted
981,6286,2025-12-29,1407253.02,Accepted
982,6291,2025-05-02,927634.92,Rejected
983,6295,2025-11-20,1618442.92,Rejected
984,6298,2025-06-17,742487.31,Rejected
985,6301,2025-05-12,661398.47,Accepted
986,6303,2025-10-25,973990.6,Pending
987,6326,2025-12-18,793364.07,Accepted
988,6328,2025-08-18,1316285.13,Pending
989,6331,2025-11-21,909953.38,Accepted
990,6332,2025-10-19,1679026.69,Rejected
991,6333,2025-10-29,1263314.79,Pending
992,6336,2025-06-20,1056127.31,Accepted
993,6341,2025-09-28,848971.87,Rejected
994,6343,2025-08-04,1753421.38,Accepted
995,6362,2025-05-29,1557235.18,Accepted
996,6365,2025-09-28,613114.59,Accepted
997,6370,2025-12-17,766663.06,Accepted
998,6372,2025-12-21,1010168.04,Accepted
999,6373,2025-09-21,1172373.37,Accepted
1000,6384,2025-02-19,852251.62,Rejected
1001,6389,2025-09-19,745561.83,Accepted
1002,6394,2025-02-28,1075130.94,Rejected
1003,6397,2025-03-14,631789.21,Accepted
1004,6404,2025-06-23,1664760.35,Accepted
1005,6410,2025-02-21,1195018.66,Rejected
1006,6411,2025-07-03,670007.68,Accepted
1007,6416,2025-02-06,857835.47,Accepted
1008,6421,2026-01-21,1452774.84,Accepted
1009,6424,2025-01-28,1369304.17,Accepted
1010,6431,2025-02-05,1727320.15,Rejected
1011,6437,2025-08-15,1300228.16,Accepted
1012,6439,2025-06-10,1124847.63,Accepted
1013,6442,2025-04-22,1064510.23,Accepted
1014,6445,2025-05-29,700470.17,Accepted
1015,6452,2025-11-24,406522.94,Rejected
1016,6453,2025-03-25,781204.8,Accepted
1017,6460,2025-02-07,1105615.97,Accepted
1018,6463,2025-08-28,1393234.38,Accepted
1019,6466,2025-09-15,642877.49,Accepted
1020,6473,2025-07-04,1535438.71,Accepted
1021,6474,2025-04-29,1668059.01,Rejected
1022,6475,2025-06-15,1072252.71,Accepted
1023,6506,2025-03-19,1402749.66,Accepted
1024,6511,2025-05-13,1448004.0,Accepted
1025,6512,2025-07-27,699387.1,Accepted
1026,6514,2025-03-04,943548.91,Accepted
1027,6517,2025-12-21,1063681.2,Accepted
1028,6520,2025-10-18,1411194.95,Accepted
1029,6526,2025-09-10,1115257.97,Accepted
1030,6529,2025-07-17,1034065.58,Accepted
1031,6549,2025-03-19,1241253.07,Accepted
1032,6563,2025-12-09,1114117.47,Rejected
1033,6568,2025-08-24,1046871.98,Pending
1034,6573,2025-05-24,1692699.85,Accepted
1035,6579,2025-08-05,826933.64,Accepted
1036,6588,2025-11-08,794836.59,Accepted
1037,6601,2025-03-18,478902.63,Rejected
1038,6602,2025-10-24,1515821.01,Pending
1039,6621,2025-10-07,1716335.38,Accepted
1040,6622,2026-01-03,657925.15,Accepted
1041,6625,2025-08-08,974890.49,Accepted
1042,6628,2025-09-16,1673005.77,Accepted
1043,6639,2025-10-26,726018.81,Rejected
1044,6647,2025-03-02,636919.48,Accepted
1045,6648,2025-11-26,1313432.95,Accepted
1046,6654,2025-11-29,1092451.94,Accepted
1047,6655,2025-09-23,745654.84,Rejected
1048,6670,2025-05-13,567959.97,Accepted
1049,6684,2025-10-21,1760399.59,Accepted
1050,6688,2025-12-06,1176228.37,Accepted
1051,6692,2025-11-26,1579364.81,Rejected
1052,6699,2025-10-28,843715.85,Accepted
1053,6701,2025-06-30,1715007.33,Accepted
1054,6706,2025-09-27,579739.4,Pending
1055,6712,2025-12-19,1433735.69,Accepted
1056,6715,2025-01-21,1570708.12,Accepted
1057,6726,2025-04-26,1574529.03,Rejected
1058,6733,2025-01-27,712949.74,Rejected
1059,6745,2025-07-26,1111169.37,Accepted
1060,6747,2025-12-12,1312260.42,Accepted
1061,6757,2025-05-07,1125098.97,Rejected
1062,6759,2025-03-13,603772.49,Accepted
1063,6764,2025-10-30,1703943.49,Accepted
1064,6766,2025-03-20,579299.12,Accepted
1065,6769,2025-02-01,448822.07,Pending
1066,6792,2025-07-18,835889.87,Accepted
1067,6812,2025-02-17,1336878.64,Pending
1068,6816,2025-11-04,1498890.76,Accepted
1069,6818,2025-10-28,1602893.61,Rejected
1070,6819,2025-09-02,1009676.32,Accepted
1071,6821,2025-07-12,756037.56,Accepted
1072,6827,2025-11-24,553878.05,Accepted
1073,6831,2025-03-23,643093.25,Accepted
1074,6834,2026-01-17,572897.52,Rejected
1075,6859,2025-08-27,1021467.13,Accepted
1076,6860,2025-12-20,709206.83,Pending
1077,6862,2025-02-14,1310987.59,Accepted
1078,6867,2026-01-29,812811.99,Rejected
1079,6869,2025-04-25,615437.4,Accepted
1080,6872,2025-08-17,1682908.61,Accepted
1081,6878,2025-08-30,1282137.25,Accepted
1082,6886,2025-11-08,1786164.26,Accepted
1083,6914,2025-05-01,1192317.49,Accepted
1084,6918,2025-04-14,1585637.16,Accepted
1085,6919,2025-11-01,1644633.1,Accepted
1086,6929,2025-12-12,1026576.67,Accepted
1087,6930,2025-07-01,1194488.9,Accepted
1088,6939,2025-05-15,1078568.86,Accepted
1089,6940,2025-09-16,1748278.79,Rejected
1090,6944,2025-05-15,1691858.37,Accepted
1091,6948,2025-10-18,1282291.58,Accepted
1092,6961,2025-05-03,1323557.0,Pending
1093,6964,2025-03-13,1250370.74,Rejected
1094,6977,2025-09-09,865058.01,Accepted
1095,6981,2025-04-22,1563622.5,Rejected
1096,6994,2025-07-26,1631761.54,Accepted
1097,7002,2025-05-07,1618059.91,Accepted
1098,7006,2026-01-04,515326.73,Rejected
1099,7008,2025-07-29,817603.53,Accepted
1100,7014,2025-12-10,968425.97,Rejected
1101,7040,2025-05-26,606141.95,Accepted
1102,7044,2025-07-25,1131220.4,Pending
1103,7050,2025-02-13,434139.65,Pending
1104,7063,2025-09-17,1377503.08,Accepted
1105,7073,2025-05-25,1632570.47,Accepted
1106,7077,2026-02-04,1620815.65,Accepted
1107,7083,2025-09-28,864967.34,Accepted
1108,7085,2025-09-04,1440646.04,Accepted
1109,7088,2025-07-01,604771.63,Accepted
1110,7096,2025-06-10,1073252.31,Accepted
1111,7102,2025-07-17,898648.06,Pending
1112,7103,2025-10-17,525781.65,Accepted
1113,7109,2026-01-09,963769.66,Accepted
1114,7110,2025-02-26,1251985.31,Pending
1115,7120,2025-11-10,1547845.34,Accepted
1116,7129,2025-10-03,1041413.36,Accepted
1117,7131,2025-04-13,610372.44,Rejected
1118,7134,2025-04-29,700418.14,Rejected
1119,7135,2025-12-26,1783907.24,Pending
1120,7149,2025-04-11,1386661.07,Accepted
1121,7161,2025-10-03,1053260.3,Accepted
1122,7174,2025-06-06,949775.65,Accepted
1123,7183,2025-05-29,722263.37,Accepted
1124,7189,2025-07-26,738972.71,Accepted
1125,7213,2025-09-28,1056813.27,Rejected
1126,7216,2025-07-31,874008.42,Accepted
1127,7225,2025-11-26,1313436.22,Accepted
1128,7231,2025-10-19,1464316.73,Accepted
1129,7234,2025-10-10,544860.25,Accepted
1130,7242,2025-08-09,404150.37,Accepted
1131,7246,2025-05-27,1678219.65,Accepted
1132,7248,2025-12-05,1527908.78,Pending
1133,7268,2025-03-29,546104.25,Accepted
1134,7276,2025-11-14,980289.82,Accepted
1135,7277,2025-10-16,1075757.12,Accepted
1136,7278,2025-04-09,1099783.84,Rejected
1137,7280,2025-10-17,1213883.82,Accepted
1138,7286,2025-12-12,933740.64,Pending
1139,7301,2025-03-24,526051.63,Rejected
1140,7303,2025-12-26,851308.9,Accepted
1141,7304,2026-02-08,817265.2,Accepted
1142,7305,2025-09-05,1479730.4,Rejected
1143,7329,2025-04-18,1164188.41,Accepted
1144,7336,2025-11-08,1616694.58,Accepted
1145,7340,2025-03-21,1240203.64,Accepted
1146,7358,2025-09-23,1262205.48,Pending
1147,7361,2025-07-15,906668.14,Accepted
1148,7368,2025-06-13,1265394.48,Rejected
1149,7372,2025-06-16,1099029.87,Rejected
1150,7379,2025-11-16,1693870.72,Accepted
1151,7402,2025-12-09,1097397.19,Pending
1152,7406,2025-10-26,1243676.34,Accepted
1153,7410,2025-04-23,1288106.99,Accepted
1154,7412,2025-04-16,426461.94,Accepted
1155,7413,2025-03-11,1700929.21,Accepted
1156,7414,2025-09-02,1638894.56,Rejected
1157,7425,2025-11-01,1098352.1,Rejected
1158,7426,2025-02-20,1547948.81,Pending
1159,7455,2025-04-02,1193676.89,Rejected
1160,7460,2025-03-30,1530901.61,Accepted
1161,7461,2025-09-22,1648812.84,Accepted
1162,7463,2025-05-31,492367.35,Accepted
1163,7474,2026-01-06,838851.48,Accepted
1164,7475,2025-06-29,1400167.26,Accepted
1165,7487,2025-09-17,676589.61,Accepted
1166,7490,2025-02-01,960133.85,Accepted
1167,7497,2025-09-14,1347209.27,Accepted
1168,7500,2026-01-08,610225.72,Accepted
1169,7501,2025-04-27,1261691.04,Rejected
1170,7512,2025-11-07,1721187.06,Accepted
1171,7513,2025-07-14,1336048.4,Accepted
1172,7527,2025-05-17,443013.31,Accepted
1173,7529,2025-02-20,963562.15,Accepted
1174,7530,2025-05-15,666724.31,Accepted
1175,7556,2025-04-06,934395.61,Accepted
1176,7562,2025-07-18,1694521.51,Accepted
1177,7564,2025-02-17,435715.67,Rejected
1178,7580,2025-07-22,970405.91,Rejected
1179,7583,2025-02-23,1723423.22,Rejected
1180,7594,2026-01-08,1154520.05,Accepted
1181,7599,2025-12-22,1732716.53,Rejected
1182,7644,2025-06-05,934136.26,Accepted
1183,7646,2025-02-27,699854.94,Rejected
1184,7649,2025-02-27,644445.71,Accepted
1185,7650,2025-08-01,876820.6,Rejected
1186,7671,2025-05-11,1165820.99,Pending
1187,7676,2025-01-29,1727980.39,Accepted
1188,7684,2025-08-21,1655591.7,Accepted
1189,7688,2025-02-03,1293650.18,Pending
1190,7689,2025-06-21,780003.09,Rejected
1191,7691,2025-08-04,1317057.02,Accepted
1192,7706,2025-07-25,694413.78,Accepted
1193,7716,2025-06-16,1344941.76,Pending
1194,7718,2025-04-14,1028702.88,Accepted
1195,7729,2025-11-27,1795638.21,Rejected
1196,7740,2025-08-13,892354.31,Rejected
1197,7754,2025-06-03,1714208.1,Accepted
1198,7756,2025-10-23,964035.36,Rejected
1199,7765,2025-10-09,1367776.03,Rejected
1200,7775,2025-10-17,903701.17,Accepted
1201,7781,2025-08-05,1569772.16,Accepted
1202,7783,2025-08-18,1582481.13,Rejected
1203,7784,2025-06-25,925778.34,Accepted
1204,7786,2025-07-14,1719355.32,Accepted
1205,7795,2026-01-22,1781927.6,Rejected
1206,7799,2025-05-24,538642.72,Accepted
1207,7805,2025-07-08,956771.31,Accepted
1208,7815,2025-05-28,599162.0,Pending
1209,7831,2025-07-01,1792197.29,Accepted
1210,7842,2025-06-21,1550183.29,Pending
1211,7844,2025-12-24,1238522.81,Rejected
1212,7856,2025-03-28,936149.87,Accepted
1213,7867,2025-05-28,1639932.81,Accepted
1214,7885,2025-08-01,826698.39,Rejected
1215,7886,2025-04-13,989833.04,Accepted
1216,7893,2025-11-20,616233.83,Accepted
1217,7894,2025-08-03,1409980.26,Rejected
1218,7897,2025-08-05,1350235.45,Accepted
1219,7898,2025-12-07,422359.3,Pending
1220,7899,2025-07-19,718952.66,Pending
1221,7905,2025-07-07,1426879.42,Rejected
1222,7919,2025-06-16,1345745.69,Accepted
1223,7925,2025-03-07,1004622.65,Pending
1224,7931,2025-08-16,447743.3,Accepted
1225,7933,2025-10-07,1207123.33,Accepted
1226,7936,2025-10-22,1732505.89,Accepted
1227,7955,2026-01-14,943127.65,Accepted
1228,7956,2025-11-03,439967.52,Accepted
1229,7960,2025-08-13,597492.95,Accepted
1230,7987,2026-01-20,1319695.48,Accepted
1231,7988,2025-06-25,1364895.36,Pending
1232,7993,2025-04-21,1721793.14,Accepted
1233,7998,2025-03-19,1400716.93,Accepted
1234,8014,2025-06-07,1164742.83,Accepted
1235,8016,2026-01-13,1131787.88,Accepted
1236,8019,2025-09-29,1692237.45,Rejected
1237,8027,2025-09-30,1146049.92,Pending
1238,8033,2025-07-16,1531288.81,Pending
1239,8040,2025-07-13,928148.59,Accepted
1240,8041,2025-10-19,1281408.17,Accepted
1241,8042,2025-09-06,913923.14,Rejected
1242,8043,2025-08-29,1551502.68,Accepted
1243,8056,2025-10-05,1555530.9,Pending
1244,8065,2025-09-21,1209198.24,Accepted
1245,8069,2025-12-25,539411.98,Accepted
1246,8071,2025-10-22,708527.03,Rejected
1247,8073,2025-03-21,1193971.89,Accepted
1248,8078,2025-11-19,1393963.2,Rejected
1249,8079,2025-11-01,1391185.52,Accepted
1250,8085,2025-10-26,1545703.3,Rejected
1251,8093,2025-11-20,758447.24,Accepted
1252,8094,2026-01-15,1744341.51,Accepted
1253,8095,2025-11-19,875596.21,Accepted
1254,8097,2025-06-09,1079375.31,Rejected
1255,8098,2025-03-24,1159156.13,Accepted
1256,8108,2025-05-14,903690.46,Accepted
1257,8111,2026-01-29,650726.76,Accepted
1258,8112,2025-04-13,1089717.55,Accepted
1259,8113,2025-07-05,1366932.21,Accepted
1260,8116,2025-11-13,759426.46,Accepted
1261,8118,2025-04-28,1477694.79,Accepted
1262,8121,2025-12-18,1492156.06,Accepted
1263,8122,2025-10-01,1527406.14,Accepted
1264,8134,2025-03-22,816886.08,Accepted
1265,8135,2025-11-23,1242599.33,Accepted
1266,8148,2025-09-04,1137485.31,Rejected
1267,8158,2025-06-30,919718.53,Accepted
1268,8163,2025-05-27,1505737.52,Pending
1269,8166,2025-09-06,750632.89,Accepted
1270,8173,2026-01-17,1370757.13,Accepted
1271,8175,2025-02-28,799149.16,Accepted
1272,8186,2025-11-18,1166576.35,Accepted
1273,8201,2025-11-08,494522.08,Pending
1274,8221,2025-03-07,1374544.56,Rejected
1275,8224,2025-06-22,1707934.77,Accepted
1276,8226,2025-03-24,1155448.58,Accepted
1277,8233,2025-06-01,950636.74,Accepted
1278,8259,2025-10-10,403711.69,Accepted
1279,8279,2025-03-22,1415977.09,Accepted
1280,8280,2025-05-12,551282.79,Accepted
1281,8286,2025-09-15,1489472.42,Rejected
1282,8302,2026-01-30,1757094.12,Accepted
1283,8304,2025-04-08,811490.74,Rejected
1284,8305,2025-09-17,1741746.24,Accepted
1285,8306,2025-07-08,652229.17,Accepted
1286,8309,2025-07-22,1706060.34,Accepted
1287,8312,2025-02-22,454121.91,Pending
1288,8324,2025-01-22,642543.07,Rejected
1289,8327,2025-12-07,1000832.29,Pending
1290,8333,2025-09-27,1365233.03,Pending
1291,8337,2025-09-07,787656.61,Rejected
1292,8362,2026-01-10,1668203.03,Accepted
1293,8364,2025-08-21,1709177.87,Pending
1294,8365,2025-03-30,828719.55,Accepted
1295,8366,2025-03-03,1315732.3,Accepted
1296,8367,2025-11-02,871297.04,Rejected
1297,8372,2025-11-11,584958.82,Accepted
1298,8378,2025-09-04,1008263.06,Rejected
1299,8379,2025-11-13,503142.32,Accepted
1300,8386,2026-02-06,571844.67,Accepted
1301,8390,2025-10-23,930175.36,Accepted
1302,8399,2025-05-23,1484649.08,Accepted
1303,8409,2025-10-07,483773.3,Rejected
1304,8420,2025-07-15,540571.44,Accepted
1305,8428,2025-06-12,1709236.65,Accepted
1306,8434,2025-04-01,1554082.89,Accepted
1307,8440,2025-08-06,528308.57,Accepted
1308,8449,2025-06-26,1691936.68,Accepted
1309,8454,2025-10-15,1793139.56,Accepted
1310,8455,2025-10-30,1278290.2,Accepted
1311,8468,2025-06-23,989583.65,Accepted
1312,8482,2025-03-09,1794509.2,Accepted
1313,8487,2026-01-17,1225271.7,Rejected
1314,8496,2025-02-01,1691858.89,Pending
1315,8501,2025-11-27,1176113.45,Accepted
1316,8502,2026-01-06,1306247.53,Accepted
1317,8507,2025-03-05,1417520.65,Rejected
1318,8514,2025-04-19,1740617.8,Accepted
1319,8519,2025-08-09,1479719.93,Accepted
1320,8529,2025-06-28,667966.33,Accepted
1321,8534,2025-02-05,1524507.08,Pending
1322,8537,2025-07-08,1130954.3,Accepted
1323,8541,2025-09-01,1460274.1,Rejected
1324,8542,2025-09-14,613341.82,Rejected
1325,8545,2025-12-17,1340301.99,Rejected
1326,8555,2025-09-05,1674453.91,Accepted
1327,8556,2025-05-27,1712064.89,Accepted
1328,8577,2025-09-21,1446480.19,Accepted
1329,8590,2025-04-09,745942.35,Accepted
1330,8594,2026-01-15,1017208.24,Rejected
1331,8600,2025-04-11,1775899.3,Accepted
1332,8608,2025-03-15,1456069.18,Pending
1333,8610,2025-08-15,1221702.27,Rejected
1334,8613,2025-06-26,1023729.96,Accepted
1335,8620,2025-10-01,406575.58,Accepted
1336,8623,2025-03-29,1051960.21,Accepted
1337,8627,2025-05-01,997053.19,Accepted
1338,8637,2025-07-24,1749256.16,Accepted
1339,8657,2025-12-21,1475385.62,Pending
1340,8664,2025-12-09,1676253.66,Pending
1341,8665,2025-11-03,1461244.28,Pending
1342,8673,2026-01-11,1161613.84,Pending
1343,8682,2025-08-31,1582453.89,Accepted
1344,8683,2025-02-04,442721.77,Rejected
1345,8686,2025-05-03,703495.48,Accepted
1346,8697,2025-03-16,478177.7,Accepted
1347,8711,2025-12-22,949144.54,Accepted
1348,8718,2025-02-22,678157.41,Rejected
1349,8719,2025-03-14,620431.24,Accepted
1350,8726,2025-03-30,1025596.41,Accepted
1351,8727,2025-06-27,1754549.77,Accepted
1352,8740,2025-04-22,1195601.71,Rejected
1353,8746,2025-04-28,1692470.76,Rejected
1354,8757,2025-08-14,1427485.25,Accepted
1355,8762,2025-10-07,915068.97,Accepted
1356,8763,2025-04-16,1664782.87,Accepted
1357,8764,2025-03-25,416659.97,Accepted
1358,8765,2025-09-19,840131.42,Accepted
1359,8766,2025-03-16,470334.46,Accepted
1360,8797,2025-06-15,837293.44,Accepted
1361,8800,2025-07-10,754777.73,Accepted
1362,8807,2025-05-13,1506429.82,Accepted
1363,8808,2025-03-02,1234183.67,Pending
1364,8812,2025-11-30,1270495.15,Accepted
1365,8832,2025-12-15,1738375.93,Pending
1366,8834,2025-11-09,875778.03,Accepted
1367,8837,2025-10-05,527632.95,Accepted
1368,8861,2025-11-15,1571779.51,Accepted
1369,8881,2025-02-01,913067.03,Accepted
1370,8892,2025-05-19,481249.78,Accepted
1371,8893,2025-12-01,643065.73,Rejected
1372,8896,2025-09-24,1540637.65,Rejected
1373,8908,2025-05-25,1456825.63,Rejected
1374,8911,2025-05-24,1695356.62,Accepted
1375,8918,2025-04-23,1744283.03,Accepted
1376,8923,2026-01-24,838933.14,Rejected
1377,8924,2025-07-16,697410.19,Accepted
1378,8939,2025-12-30,1349021.48,Pending
1379,8940,2026-01-30,888681.6,Rejected
1380,8941,2025-09-14,1357337.21,Accepted
1381,8945,2025-08-19,1404959.09,Rejected
1382,8949,2025-04-12,1577548.07,Accepted
1383,8950,2025-01-29,1660260.5,Accepted
1384,8955,2025-06-14,695921.78,Accepted
1385,8991,2025-03-31,1351804.23,Accepted
1386,8998,2025-06-10,941831.11,Accepted
1387,9006,2025-12-31,488747.36,Accepted
1388,9017,2025-10-20,1675191.52,Rejected
1389,9019,2025-05-22,411703.04,Accepted
1390,9025,2025-05-13,1423444.29,Rejected
1391,9028,2025-04-07,471208.8,Rejected
1392,9041,2026-01-09,968237.73,Accepted
1393,9042,2025-08-20,1084011.9,Accepted
1394,9043,2025-06-27,880382.71,Accepted
1395,9045,2025-02-15,1522639.12,Accepted
1396,9050,2025-03-28,672188.22,Accepted
1397,9052,2025-12-15,591638.6,Accepted
1398,9058,2025-04-13,1149777.73,Accepted
1399,9059,2025-11-13,1165055.58,Rejected
1400,9062,2025-11-02,1565375.61,Accepted
1401,9077,2025-03-03,1756619.83,Rejected
1402,9096,2025-06-17,1471181.81,Accepted
1403,9097,2025-11-25,646952.36,Rejected
1404,9109,2025-02-23,604921.68,Accepted
1405,9112,2025-08-26,1017485.12,Rejected
1406,9122,2025-12-18,1528879.17,Accepted
1407,9130,2025-02-04,1503513.8,Accepted
1408,9134,2025-10-12,1211514.31,Rejected
1409,9137,2025-02-15,1781243.99,Accepted
1410,9140,2025-06-10,1377978.4,Accepted
1411,9154,2025-05-28,552736.72,Rejected
1412,9159,2025-07-13,1662991.33,Rejected
1413,9164,2026-01-27,1442254.75,Accepted
1414,9169,2025-05-01,1588808.26,Rejected
1415,9170,2025-12-25,416956.09,Pending
1416,9200,2025-10-23,652402.14,Accepted
1417,9203,2026-01-15,923761.11,Accepted
1418,9212,2025-02-27,697603.31,Pending
1419,9223,2025-12-08,1504685.57,Accepted
1420,9224,2025-05-24,1792578.79,Accepted
1421,9225,2025-05-08,1203700.88,Accepted
1422,9226,2025-12-12,1602809.2,Accepted
1423,9227,2025-09-26,560082.38,Pending
1424,9230,2025-04-18,1589366.89,Accepted
1425,9234,2025-04-20,1301672.8,Accepted
1426,9240,2025-03-20,1432116.72,Accepted
1427,9253,2026-02-03,948753.8,Accepted
1428,9255,2025-10-25,1280038.12,Accepted
1429,9263,2026-01-07,412029.58,Rejected
1430,9284,2025-01-31,1260919.57,Rejected
1431,9285,2025-12-21,1482500.53,Accepted
1432,9287,2025-08-02,1388262.82,Accepted
1433,9290,2025-04-16,530109.2,Accepted
1434,9295,2025-10-01,570395.37,Accepted
1435,9300,2025-11-05,1088955.27,Accepted
1436,9313,2025-04-19,623650.29,Accepted
1437,9325,2025-09-07,1251406.67,Accepted
1438,9329,2025-05-28,1448804.49,Rejected
1439,9332,2026-01-25,643674.27,Rejected
1440,9338,2025-10-03,1231559.68,Accepted
1441,9342,2025-08-22,1676326.11,Accepted
1442,9349,2025-02-07,1299405.18,Accepted
1443,9364,2025-03-04,1371579.46,Accepted
1444,9367,2025-07-19,732614.11,Accepted
1445,9381,2025-03-07,1553165.87,Accepted
1446,9389,2025-12-12,1356028.7,Pending
1447,9419,2025-09-18,1539176.89,Rejected
1448,9423,2025-07-20,1262506.58,Rejected
1449,9424,2025-05-15,599575.62,Accepted
1450,9426,2025-04-24,1225944.18,Accepted
1451,9428,2025-06-21,787649.3,Accepted
1452,9429,2025-11-07,1210086.17,Accepted
1453,9448,2025-08-16,720582.01,Accepted
1454,9469,2026-01-09,472133.01,Rejected
1455,9476,2025-12-12,796915.67,Accepted
1456,9484,2025-08-10,1765653.44,Accepted
1457,9485,2025-01-26,753523.79,Accepted
1458,9491,2025-02-11,500336.2,Accepted
1459,9493,2025-03-25,861635.35,Accepted
1460,9494,2025-06-09,445718.37,Accepted
1461,9495,2025-09-29,1242124.07,Pending
1462,9502,2025-01-25,1313903.63,Rejected
1463,9504,2025-09-10,760149.25,Accepted
1464,9508,2025-04-09,1426420.72,Pending
1465,9515,2025-07-27,767971.34,Accepted
1466,9516,2025-10-18,650940.82,Accepted
1467,9531,2025-02-14,1448536.14,Accepted
1468,9535,2026-01-25,1171600.98,Accepted
1469,9538,2026-01-09,1565056.22,Accepted
1470,9563,2025-10-14,1293542.43,Rejected
1471,9569,2025-05-04,964676.65,Rejected
1472,9578,2025-03-01,1143779.56,Rejected
1473,9587,2025-10-24,1452200.86,Accepted
1474,9588,2025-04-14,1108459.92,Rejected
1475,9589,2025-04-07,1789629.45,Accepted
1476,9607,2026-01-14,684638.85,Accepted
1477,9612,2025-04-13,1459112.63,Accepted
1478,9626,2025-10-05,652404.43,Accepted
1479,9631,2025-08-05,776983.36,Accepted
1480,9654,2025-03-12,915471.38,Rejected
1481,9660,2025-06-25,440186.76,Accepted
1482,9663,2025-12-04,1256727.49,Accepted
1483,9664,2025-09-10,1269391.95,Accepted
1484,9666,2025-10-27,1481282.59,Accepted
1485,9671,2025-09-20,1268543.99,Accepted
1486,9672,2025-11-20,1273040.99,Pending
1487,9699,2025-05-18,1196981.93,Pending
1488,9703,2025-06-23,411494.93,Pending
1489,9712,2025-12-17,1563887.72,Accepted
1490,9731,2025-05-25,1257538.16,Accepted
1491,9735,2025-09-29,706323.59,Accepted
1492,9736,2025-05-13,1553202.43,Accepted
1493,9750,2025-03-01,1095241.75,Accepted
1494,9755,2025-03-13,551767.64,Accepted
1495,9756,2025-06-23,495962.64,Accepted
1496,9759,2025-02-22,1168424.27,Accepted
1497,9762,2025-08-30,1790251.82,Accepted
1498,9764,2026-02-06,1662393.55,Rejected
1499,9770,2025-08-17,1524813.37,Accepted
1500,9774,2025-10-23,1176482.98,Rejected
1501,9775,2025-03-12,407898.8,Accepted
1502,9777,2025-11-15,1096999.06,Accepted
1503,9785,2025-07-29,754423.69,Rejected
1504,9789,2026-01-02,1674502.24,Pending
1505,9802,2025-11-02,1318198.02,Accepted
1506,9804,2025-08-14,1242342.61,Accepted
1507,9809,2025-04-20,1662759.5,Pending
1508,9825,2025-10-18,1696156.38,Rejected
1509,9841,2025-03-06,666424.81,Accepted
1510,9842,2025-10-05,799269.35,Accepted
1511,9849,2026-01-03,609378.24,Accepted
1512,9850,2025-06-02,825059.45,Accepted
1513,9852,2025-12-02,624070.57,Accepted
1514,9859,2025-05-26,644051.62,Rejected
1515,9860,2025-12-29,1134800.36,Accepted
1516,9866,2026-01-12,1196444.27,Accepted
1517,9873,2025-03-08,479449.27,Accepted
1518,9874,2025-04-16,1258517.6,Accepted
1519,9879,2025-04-20,1136077.45,Rejected
1520,9893,2025-01-21,1597788.15,Accepted
1521,9904,2025-10-25,1052948.93,Pending
1522,9906,2025-06-09,1490998.56,Accepted
1523,9910,2025-06-13,823369.6,Accepted
1524,9912,2025-09-19,602072.12,Rejected
1525,9913,2025-06-13,637990.4,Accepted
1526,9926,2025-08-13,1540126.47,Pending
1527,9967,2025-02-12,776550.63,Accepted
1528,9972,2025-02-08,1692762.88,Accepted
1529,9987,2025-06-07,831403.08,Accepted
1530,9990,2026-01-13,1123691.23,Accepted
1531,9991,2025-07-26,1524323.18,Accepted
1532,9999,2025-09-25,1525660.09,Accepted
1533,10000,2025-02-18,744588.27,Accepted
